source,target,edge
2022  supporters,direct nomination parliament,size
next nomination Police,demonstrators,size
2022  supporters,sitting county assembly,size
four camel others,LMD Livestock Marketing Leparua,shot
alleged fishing Running,injuries,size
ODM clerk,scene,size
mysteriously  demonstrators,primary school justice,dozens
one police officer,process,size
Nandi Kamulat suspect,police,size
separately county protesters,slain  politician,hundreds
Two campaign people,incident,injured during
he,arrest,size
fresh  cost,living,size
Machakos Kalunga suspect,police,size
One  gun,bloodstained  suspects,recovered from
Nairobi police Police,twenty  motorcycles,size
presidential Raila women,campaigns,hundreds
Mombasa United Democratic motive,attack,is unknown
presidential Raila protestors,deputy party leader,size
suspect,27,report
protesting Trans workers,health department,size
Migori Suna aspirant,scene,size
assailants,man,is unknown
nomination exercise,electoral  malpractices,size
Kisii Bomachoge motive,killing,is unknown
another,Matabithi police Lanyiru,died
Several Embakasi people,artist,injured
matatu rest,gang members,size
presidential Elgeyo rally,presidential  Iten,size
Migori Suna some,away  podium,size
30  This,ethnic  militias,following
ODM Orange Democratic aspirants,ahead  exercise,size
Democratic Movement Nakuru that,very  day,size
17  people,300,size
two police who,changaa money,size
police county revenue group,assistant county commissioner,size
transport examination group,Human Rights,size
Meru  militia,30  March,believed
2021 Primary parents,laxity,size
direct Janet protestors,Donya Toto,size
Muchongoi event,Mochongoi,shot
them,him,size
ethnic  militia,allegedly Tigania east,West
Laikipia Laikipia Casualties,Ol moran town,unknown
2021 Primary parents,immediate school head,size
gubernatorial Uasin blogger,30  March,released on
communal  militia,unknown Tigania animals,were
Nairobi parliament demonstration,continuous employment employers,size
donkey theft,locals,size
2022  supporters,candidate Raila Lari,size
rest,cooking gas cylinders,size
allegedly Uasin man,police,size
campaign windscreen,campaign cars,size
2022 boda taxi operators,Turkana fuel prices,size
redundancy Police,group,size
2022  police,suspected El Wak,defused
2022  journalists,alleged Turkana office,size
Narok Narok motive,allegedly  ranch,linked to
Narok Narok victim,police,size
2022  group,Nairobi Uhai abortion,size
rising  operators,life,size
suspected Pokot militiamen,sustained gunshot incident,NPR
Ward MCA aspirant,car,size
increasing insecurity Police,tear gas students,size
government,month,size
2022  residents,old police Kawangware,size
two  others,Kom Durte,shot
government,armed Losesia Kom route,size
unspecified Power company staff,Baraka Nanyuki,size
Kenyan Mama Ngina who,Kenyan Mama Ngina man,size
party,later  apology,issued
Garissa Garissa This,suspected clan militias,following
Nairobi  mob,unknown  value,size
Gem Rai company,court activity,size
suspect,200 mama mboga,report
unknown  number,Nairobi Nubians Right Kenya,size
they,Embakasi divison,size
four  others,ethnic  group,killed
2022  mob,three Webuye sheep,size
rights,new  policy,size
local  residents,equal multipurpose dam project,size
local  residents,old Hamisi wife,size
clinical  interns,unpaid Uhuru stipends,size
Unknown  number,militants,recovered from
speeding cargo he,away  mob,size
unknown  amount,property,stolen
Mandera Mandera Casualties,Kenya security Rhamu,unknown
increased livestock incident,many  motorists,size
suspected Pokot militia,two Elgeyo men,attacked
who,money dispute,size
also  number,incident,sustained
criminal Garissa gangs,cartels Garissa militia,size
2022  section,14.2 km road,size
Isiolo Ngeramara militia,500  goats,raped
Kisii Kitutu Chache aspirant,vehicles,size
100  families,lost Mai land,size
Hundreds,suspected Pokot militia,displaced into
elderly  who,extra  fare,size
unidentified clan militia,allegedly land dispute,information
7  people,allegedly phone theft,size=7
local  residents,allegedly chicken theft,size
local  residents,mobile Dandora Area pedestrian,size
other  four,serious burn injuries,size
Kiambu Deputy security,group,size
security,protestors,size
400 scrap metal dealers,peaceful scrap 400,size
Turkana Lodwar Kitale driver,Spanish bullet wounds,sustained
private  security,Nairobi Azimio event,size
ago  hospital,service delivery,size
local  residents,allegedly chicken theft,size
local  residents,allegedly livestock theft,size
2022 Al Shabaab militants,KDF Hulugho town,were
separately mob Police,one  him,size
other Dagoretti 3,robbing Dagoretti pedestrians,size
Police,incident,size
sting exam residents,local  chief,size
one police militia,four  rifles,made
held President Uhuru protestors,political community interests,tens
2017 bargaining workers,university management,size
KDF Al Shabaab,11  soldiers,claimed
other Kitale Endebess suspects,motorbike,size
held President Uhuru protestors,political community interests,size
held President Uhuru protestors,political community interests,size
recently President Uhuru protestors,political community interests,size
Three Banisa Takaba workers,incident,injured during
"1,000  residents",suspected Pokot militia,displaced into
Khorof Harar Casualties,Khorof Harar town,unknown
allegedly police Police,man,size
alleged Athi victim,hospital,size
this,vigilante justice,is unclear
casual Al Shabaab,4  people,claimed
allegedly Central Police,one  calm,size
militants,slain body officer,took
Roysambu Thika operators,nationwide police crackdown,size
alleged Nakuru that,fresh unemployment graduates,size
nationwide  Police,tear  them,size
They,station,are
UDA Tana Dozens,incident,injured during
several  others,three AK47 scene,rifle
Baringo North,3  families,were
18  operators,128  incident,size
where Taita Taveta they,petition,size
person,three Chesoi Sambalat vehicle,size
Elgeyo militia,unknown  livestock,injured
later children protection women,later children protection unit,targeted
government,instead  river,size
where woman motorist,boda taxi operators,size
two Mombasa Calm,however  injuries,size
local  residents,old witchcraft claims,size
three  others,serious  burns,details
party injuries,party official,size
Kapkosum Casualties,Kapkosum Mochongoi,unknown
clinical  interns,7 months stipend,size
Eight Marsabit people,one bullet wounds,sustained
4  others,incident,killed
local  residents,shallow pit latrine,size
direct governor Wycliffe Calm,however  injuries,size
local  pastoralists,increased Baringo area,size
around Sh50 motive,attack,remains unknown
two  others,gunshot incident,killed
ethnic  militia,unknown  Kasiela,information
2022  members,allegedly Nairobi her,size
rich Kaberia demonstrators,road Kaberia bonfires,size
Baringo Duka Moja motive,attack,is unknown
some,livestock breeding Chesongoch,raided
Members,resettlement 1000,size
ablaze father suspect,later  police,size
private Kakamega he,police,size
local  residents,aged police custody,size
Nakuru some,nomination papers,size
local sugar demonstrators,main tuck action,size
christian  who,allegedly cattle theft,size
Vihiga they,delayed government health pay,size
local county protestors,ongoing Migwani road project,size
ethnic Samburu motive,retaliatory attack,was due
3  people,2  incident,size
that,slain  suspects,size
other  two,woodlots,size
massive neighbouring protestors,poultry market,size
3  student,unknown  animals,killed
ethnic Attan motive,retaliatory attack,was due
three Imenti motive,attack,size
2022 boda taxi operators,other Kiambu clients,size
Migori Kehancha they,police,size
digital taxi operators,hailing service regulations,size
old Mogori he,police,size
local  residents,poor Maugo Rangwe,size
other Mombasa 3,allegedly Mombasa woman,size
2022  students,learning county education environment,size
400 road construction workers,better Turkana 400,size
Shabaab  millitant,home Mandera town,East
One  person,incident,size
unknown  injuries,unknown  property,size
ethnic Isiolo motive,attack,remains unknown
abandoned Kiambu They,project,hundreds
National Highways Kiambu Police,efforts,size=13
several  militants,multiple  injuries,killed
8  people,two  students,killed
presidential Nairobi Police,order,size
private Kwale protestors,land injustice,size
Russian Nairobi group,later  demonstration,size
allegedly police He,later  police,size
local  residents,allegedly Nakuru infidelity,size
women,politicians,targeted
Lamu East Lamu militants,13  soldiers,claimed
2 Elgeyo herders,gunshot wounds,sustained
Muranga one,incident,size
unspecified Nairobi workers,timely working conditions,size
local  residents,two Kilifi goats,size
other  2,allegedly morning prayers,size
unknown  women,office,targeted
Lamu Casualties,Bargoni town,unknown
group,military,size
2022  women,peaceful bus ferrying students,size
Marsabit motive,attack,is unknown
human businessman Samson who,Kenyan security forces,size
freedom activists,double  intimidation,size
later Nyeri Location,Kawangware,coded as
local  residents,allegedly Nakuru police,size
unidentified Marsabit motive,attack,is unknown
2022  residents,allegedly Kiambu infidelity,size
school,allegedly Nakuru exams,size
Police,situation,size
security Casualties,security Garissa,unknown
two River Police,man,size
where Elgeyo Marakwet he,also  catechist,East
rest,10 watering Takaba,wounded
Garissa Causalities,Garissa police,unknown
local  residents,old Kakamega body,size
two health workers,remaining health worker,let
2022  mob,allegedly Vihiga radio,size
this,vigilante justice,size
mainly boda taxi operators,Nairobi him,size
six  students,three gunshot wounds,shot dead
2022 bomb defusal squad,suspected security Sankuri,defused
local  residents,county birth birth certificates,size
Nairobi motive,lynching,size
2022  mob,two Nairobi stone,size
One Nairobi man,allegedly Nairobi area,killed
Nairobi motive,lynching,size
domestic Elgeyo suspects,incident,size
2022 rowdy youths,parliamentary teargas crowd,size
Mombasa Police,suspect,size
2022  group,mobile Nakuru motorist,size
Trans Nzoia section,later  area,size
fellow Nakuru Running,injuries,size
Police,group,size
suspected Pokot militia,suspected retaliation Loruk,attacked
six  others,unhurt,injured
two Baringo They,county 400,size
2022  mob,allegedly Embu woman,size
fellow Trans Nzoia he,fellow  congregant,size
motivated Migori Neighbors,them,report
Two entry fans,one head scuffle,size
militia,20  goats,shot dead
separately Pokot Police,crowd,size
young Machakos suspect,police,size
Police,situation,size
another,incident,killed
allegedly Safaricom money couple,later  police,size
Democratic Movement Kilifi one,incident,size
two  others,six Dagega Sangailu,killed
gunshot fatalities,gunshot wounds,reported
nearby  He,police,report
indefinite  students,immense discipline 2000,size
another,Ol Moran Laikipia North,wounded
underaged Makueni woman,police,size
allegedly Kiambu which,negatively  businesses,size
"2,000  residents",suspected Pokot militia,Displacement
Member Kilifi motive,abduction,remains unknown
,allegedly extortion demonstration,size
2022 Tugen militia,unknown Baringo goats,suspected
local  residents,Power Marani township,size
Samburu incident,unknown  value,left
moving Nairobi officers,moving Nairobi vehicle,size
poor Ruiru Police,situation,size
posted enforcement incident,better  32,size
chairman,UDA United Democratic rally,size
poor Kisumu group,appropriate diaper disposal market,size
seriously  who,seven  twelve,size
minor  Police,situation,size
suspected Pokot militia,Lomelo Kapedo Kapendo,shot
100 West Pokot Casualties,100 West Pokot goats,unknown
slain  officer,driving  licence,happened following
local  residents,poor sub county hospital,size
presumed Pokot militia,one Laikipia woman,attacked
allegedly mob Police,demonstrators,size
tear  Scores,incident,size
12  men,old police Mtwapa,abducted
several  people,incident,stolen
political Kilifi it,proper family approval,size
old Turkana woman,130  incident,killed
Mandera Causalities,Mandera Mandera,unknown
four Wajir people,board,killed
seven  men,such Nyayo National Stadium,Langata
increased water They,Nakuru boulders,size
when  it,bus,size
suspected Pokot militia,two Baringo brothers,attacked
40  head,local Arabal residents,unknown
peaceful Mombasa residents,successfully lead smelting factory,size
new boat Police,Coast Guard situation,size
2  others,incident,killed
3  men,allegedly Trans Nzoia house,size
year Day Saints suspect,later  police,size
13  others,public Mandera Arabia road,size
13,public Mandera town,killed
two  others,40  incident,injured
suspected Pokot pastoralists,23 Laikipia sheep,raided
Two Wajir children,incident,injured during
one police militia,two food ammunition,made
old witchcraft victim,unhurt,size
40  Casualities,40  Nairobi,unknown
Two Mochongoi people,critically  incident,injured during
two Nairobi Police,them,size
2022 boda boda drivers,ongoing voter registration process,size
lower Elgeyo Marakwet motive,killing,remains unknown
Police reservists,together  attackers,managed
two Elgeyo Marakwet motive,killing,remains unknown
Mukogodo Laikipia militia,rifle,were
elder Nandi suspect,later  police,size
suspected pokot pastoralist militias,unknown livestock stolen,killed
organized Kitui Police,suspects,size
2022  hundreds,UDA United Democratic rally,hundreds
Two court officials,incident,injured during
One Elgeyo Marakwet person,incident,killed during
Managing Police,30  demonstrators,size
Sudanese  refugees,allegedly Kakuma refugee camp,West
one  another,ensuing bullet melee,size
bombing Muranga they,bombing Muranga her,size
Three Laikipia houses,50  incident,burnt
al Shabaab al militants,8 Lamu trucks,burning
31 road protesters,compensation,size
local  residents,allegedly Machakos cow,size
elderly Siaya They,thieves,size
nearby Apuoyo Secondary suspect,police,size
2022  students,later Mombasa injuries,size
elderly Isiolo suspects,later  police,size
suspected Baringo Casualties,suspected Kapedo village,unknown
2022  mob,Democratic Movement Orange Democratic ticket,size
2022  mob,Democratic Movement Orange Democratic ticket,size
three  others,Sudanese  raiders,killed
victim,Mboya Street Tom Mboya town,size
Police,tear  crowd,size
hopeful police Police,tear  group,size
wild  animals,Kenya Wildlife losses,size
Pokot pastoralist Pokot militia,10 Baringo families,were
Embu one,incident,size=58
2022  parents,road primary Murang'a road Ngara,size
15 Al Shabaab,responsibility,claimed
developers,land,size
2022 Gichami church worshipers,marital John Gichami Othaya,size
three Kiambu suspects,police,size
Police,group,size
planned payment arrears They,national  government,size
unknown  number,militants,managed
Several Mochongoi houses,many  area,torched
Education Cabinet that,lesbian boarding Kenya,size
20  inmates,incident,size
job attempts,company police,size
Revenue Authority He,Revenue Authority officials,size
2022  women,aspiring United Democratic Alliance,size
local  residents,peripheral Namanga road,size
county which,speedy  incident,size
2  police,them,West
central business Starehe,alleged land neighbor,size
infrastructural  police,report,stepped
peripheral Namanga demonstrators,transport town,size
pastoral  militia,242 Baringo goats,were
Ugenya Siaya This,alleged police custody,size
2022  villagers,week Nyamanga Nyawita,size
local  women,security security area,size
increased Lamu Police,demonstrators,size
Liboi Garissa militants,slain AK47 officers,took
2022  section,increased Meru Isiolo border,size
allegedly Mahiu Limuru Police,suspect,size
six Nyamira mob,witchcraft,size
local  residents,ongoing land Marigat,size
former Wajir abductees,former Khorof Harar,managed
lasting Al Shabaab,responsibility,claimed
elderly Nyamira women,witchcraft  sorcery,report
local  residents,social GDC responsibility,size
2022  section,increasing Meru Isiolo border,size
only West Pokot leadership,area,size
armed  militia,unknown Baringo livestock,raided
unknown Elgeyo number,livestock,stolen
unknown Al Shabaab,responsibility,claimed
Al Shabaab,responsibility,claimed
GDC Baringo residents,social GDC responsibility,size
2022  traders,police Kagumo,size
9 Security personnel,Mukogodo forest,recover
epz export processing workers,alleged Machakos 2000,size
Three Elgeyo people,2  hospital,injured
several Lamu This,allegedly Al Shabab militants,following
6  people,away  farms,killed
4 road people,accident,size
same  they,same  day,suggests
pastoralist  militia,old Baringo herder,attacked
peaceful West Pokot group,neighbouring Marakwet community,size
suspected Al Shabab militants,recent  Lamu,arrested by
suspected Isiolo police,critical  condition.[size,report
exorbitant Ugandan strike,exorbitant Ugandan authorities,size
several  houses,incident,reported
armed Turkana cattle rustler,allegedly Kasarani Isiolo,Isiolo
stolen security livestock,morans,alleged
Four West Pokot people,Cheptulel Chesogon,details
motorcycle,suspected al Shabaab Kiunga,East
young Nairobi motive,attack,remains unknown
local  residents,500 area homes,size
Police forces,him,size
3 Changaa dens,many,size
suspecetd,old taxi Garissa,abducted
Two  suspects,later  court,report
2,demonstration,size
15  employees,human resource removal,size
unidentified  that,unscrupulous  region,size
Usian Ngishu Kenya Police,tear  crowd,size
11 Marsabit people,300 Basir Wajir,families
allegedly Samburu reason,attack,is unknown
owner,cellphone,size
Other Wajir clan sources,possible terror links,mention possible
Two Isiolo people,unknown livestock stolen,killed
peaceful Isiolo workers,one county year,size
owner,domestic  disagreement,size
local  residents,unpaid Wote town,size
stolen  livestock,8  fatalities,recovered
stolen  livestock,shootout,recovered
woman,nearby  bush,size
Coast motive,attack,size
One Elgeyo student,Embobut ward,killed
eighth grade victim,later  treatment,size
2021 boda taxi riders,eighth grade pupil,size
Laikipia Hundreds,Lobere primary Lobere school,displaced
Two Isiolo people,incident,injured from
14  goats,farm,injured
other Uasin Gishu motive,attack,size
Two police officers,armed National Police Olla,injured
Fatalities,two  events,split across
Fatalities,two  events,split across
suspected Police forces,Kenya Defence incident,were
four  others,group,size
Homabay Kanyamwa residents,increased cow area,size
primary  Journalists,primary  school,targeted
2021  students,four Tharaka prefects,size
suspected Elgeyo Marakwet injured,emergency treatment,details
One Laikipia man,incident,injured during
2021  group,continued Elgeyo Marakwet bandits,size
they,accidentally  Damasa,killed
unknown Homa Bay school,unknown Ndhiwa town,size
,local police Kabete,size
suspected Shabaab suicide bomber,two Kamloma village,detonated
unknown police officers,old  Garissa,group
this,vigilante justice,size
they,Ndhiwa town,size
Al Shabaab,responsibility,claimed
One Mandera militant,Special Forces Mandera town,killed
home December school,indefinitely  1000,size
senior  citizens,cultural Magarini town,size
000,small deputy traders,size
poor  Demonstrators,campaign them,size
other,incident,size
Hundreds,livestock,stolen
different  police,situation,size
43 Elgeyo animals,Tot town,stolen
three  who,road,size
Nairobi Dagoretti businessman,civilian traffic police clothes,stopped by
incident,ethnic  area,related to inter
plain cloth police officer,Moyale town,abducted
One body women,invasive body searches,found dead
ethnic Tana them,government ease,size
woman,rising Uriri town,size
man,gang,size
junior Garissa protest,multiagency Modika,size
where  members,4 Marsabit November,believed
loan who,out loan repayment Macalder,abducted
Kakamega he,stolen  cow,size
same Nairobi mother,hospital,size
two  who,Nakuru town,size
police,teargas crowd,size
one  other,Ol moran town,killed
man,Mlango Kubwa area,size
domestic Embu suspect,police,size
previous  Violence,Burji  communities,escalated between
man,suicide,size
Lari road firm driver,young  hit,size
motive,attack,reported
5 Samburu people,Suyan  village,injured
2021  mob,allegedly Machakos motorcycle,size
14 Samburu people,"1,000 Samburu cattle",killed
members,housing allowances,size
illegal coast They,nets,hundreds
Al Shabaab,responsibility,claimed
corporal CCTV they,further  2000,size
Two Bay gubernatorial vehicles,Bay gubernatorial seat,size
local  residents,mobile boda boda Buruburu,size
Nairobi Al They,former Al Nairobi,are
former Westlands women,targeted  groups,targeted
four Kericho suspect,police,size
GSU officers,Laikipia conservancy,deployed
2021 Mbeere South,unpaid Mill dues,size
attackers,unknown  cattle,killed
local  residents,other Wang'chieng town,size
British Laikipia Kenya,killing,size
,allegedly Manchester United,size
Kwale Tiwi Elders,future  generations,size
four Busia vehicles,Citizen TV vehicle,size
Kwale school students,low quality food,size
vehicles windows,unhurt,size
partially  motive,attack,were
president,Mashuuja day celebrations,size
One Kieni student,physical  injuries,size
local  residents,Kitui security area,size
local  residents,shallow Kericho grave,size
2021  residents,increased speed road,size
poor Teso group,ward 500,size
unspecified  Police,tear  group,size
poor working group,partial health facilities,size
15  Forces,IED,responded with
several Form women,witchcraft  sorcery,targeted
Elgeyo group,Interior region,size
Road Police he,10  children,size
agricultural Elgeyo motive,killing,is unknown
two Elgeyo motive,killing,is unknown
suspected police officers,young Majengo village,Mombasa
2021 police officers,stolen Longewan town,conducted
main  Police,tear  group,size
Milimani Al Shabaab militants,14  soldiers,claimed
Laikipia Laikipia group,32  cows,stole
old Kirinyaga suspect,custody,size
local  residents,public dumping site,size
ethnic  militia,unknown Samburu goats,shot
Wajir motive,killing,believed
local  residents,domestic Bomet dispute,size
he,wounds,killed
injured Kisumu person,police officers,size
One Laikipia militiaman,ethnic Ol Moran town,killed
married  Chief,report,rescued by
outsiders,gold mining residents,alleged
three  officers,injuries,arrested
former county he,Cherangani Kapsigilai town,shot
school,consultative  meetings,size
unidentified  gunmen,two Arapal village,shot
fifteen Lamu militants,Ishakani town,killed
local  residents,older Waa town,size
Baringo Mochongoi group,Lakipia  counties,size
Starehe police officer,driver,stopped
one  Police,group,size
suspected Pokot militia,thousand Lamaiywet village,killed
Ol Laikipia group,30  cattle,stole
Two Arapal people,Arapal village,killed
Nakuru Naivasha demonstrators,posted fire teargas crowd,size
Marsabit Marsabit motive,retaliatory attack retaliatory revenge,was due
two hand who,Merti town,grenade by
Nairobi Police officers,man,size
Marsabit Kituruni motive,retaliatory attack retaliatory revenges,was due
ethnic North motive,retaliatory attack retaliatory revenges,was due
local  residents,poor Kaani village,size
2021  workers,poor  Nairobi,size
Kisumu Kisumu They,matter,size
local boda boda riders,fuel Eldoret,size
regular police demonstrators,drugs,size
Muranga Muranga diver,two Muranga town,size
they,work,size
Kisumu Kisumu victim,grabbed market area,handling
illegally  motorcycle,local  farmer,size
Samburu Central,land,size
government,Energy Regulatory mark,size
off Thika victim,Marsabit county,based at
various Security forces,him,size
delayed Turkana police,crowd,size
2021 pokot militia,eight Dam Samaki Village,North
Lamu Lamu group,county,size
one Merti They,Isiolo town,size
past Isiolo They,numerous county appeals,size
boda boda that,seriously Likuyani town,report
fatalities,restive Laikipia Nature Conservancy,reported
five  others,civilian Kom village,killed
Kieni group,convoy,size
2021 county health workers,two Mombasa town,size
several  supporters,ahead deputy president,size
Two  members,security forces,arrested by
face police,crowd,size
Five AK47 rifles,500  bullets,recovered
2021  lecturers,planned Eldoret town,size
One police officer,Laikipia Kinamba village,injured
ethnic Lomut who,Chesogon village,Central
they,matatu sacco,size
Lafey chief,2  March,released on
police,15  doctors,size
two  who,two  people,size
group,worth Kilifi 250,size
delayed Otange which,early Ndhiwa town,size
financial county demonstrators,county projects,size
when bus ferrying,10 Embu town,hundreds
three,unknown police offence,said
government officials,residents,size
Boys High he,three Gatamaiyu town,size
that,residents,size
Three  men,gunshot wounds,size
action,police,size
related  that,2018,has
2021 police officers,10pm-4am Kayole village,South
separately Kajiado bikers,then Kitengela Police Station,size
Four Laikipia officers,Sipili town,injured
where Nkunga they,fire,size
Police officers,demonstrators,size
main Mombasa they,acute water area,size
traffic officers,greater Kisumu town,size
stolen Nadapal border fatalities,stolen Nadapal border point,reported
One Kotulo militant,suspected Kotulo village,killed
Kisumu Kisumu They,due  process,size
local  residents,four Kitengela town,size
police,demonstrators,size
who,Lolwe Island,size
Kenyan Fisheries Protection who,Kenya boundaries,West
police,demonstrators,size
Mukutani Arabal injuries,Mukutani Arabal fatalities,reported
pastoralists,pasture,were in
Pokot,Tiaty,drove
Garissa Liboi militants,ransom,released
principal,school,size
suspected  police,tear  crowd,size
Nakuru Lake police,tear  demonstrators,size
militias,several  pasture,invaded several
Two Fino people,private Fino town,killed
two  others,Komor village,killed
later police Police,tear gas crowd,size
Machakos Machakos officer,Masii police station,was in
Laikipia Laikipia militia,eight  pasture,invaded
several  people,Sigor Bomet town,size
Migori Kuria residents,public health guidelines,size
riot Nyeri Nairobi police,people,size
riot Nyeri Nairobi police,group,size
youths planting motive,sub Maasai,is due
private Mariakani They,ancestral  land,size
demolished  they,local  bank,size
five  others,Kapsowar Chepkorowo grazing town,killed
five  houses,Radienya Ndhiwa,size
riot Imenti police,them,size
300  goats,ethnic Gotu town,killed
unknown  number,goats,killed
Two Samburu people,ethnic Marti village,killed
when  they,Kabetwa village,shot
many Meru National students,Meru  town,size
One police officer,several  incident,size
they,Education Loans hundreds,size
he,by election,size
ethnic militia rustlers,200 Samburu herder,raided
Two Elgeyo people,grazing Keiyo Valley,killed
national death women,human rights defenders,targeted
Nairobi police,three  thousands,size
motive,retaliatory  communities,was
300 university animals,revenge attack,killed
who,ethnic Marsabit town,killed
Two Marsabit people,ethnic Marsabit town,killed
Two Marsabit people,woman,killed
ethnic Marsabit motive,attack,is
several  people,peaceful Kisumu town,size
several  people,peaceful Kamukunji grounds,size
villagers,ongoing kidnapping area,size
Nakuru Lake police,200,size
economic Nairobi police,tear  group,size
riders,busy Kajiado town,size
several  houses,alight,set
hundreds,livestock,killed
300  families,Keiyo Valley village,Displacement
local  residents,suspected Mwingi town,size
ethnic Elgeyo attack,retaliatory attack,reported as
Isiolo Bula police,group,tens
suspected Samburu militia,two Isiolo others,Isiolo
Two Liboi rifles,main Liboi town,recovered
Police,group,dozens
who,two  people,size
peaceful police they,dusk  curfew,size
2021 Kenya police forces,Marani town,North
Al Shabaab militia Police,763 AK47 ammunition,seized
other  officers,2021 police Mandera,killed
2021 Kirinyaga South,criminal Kerugoya police station,size
five,civilians,killed
three,two  vehicles,killed
two,allegedly cattle disputes,killed
three,miraa,killed
Kenya Somalia injuries,Kenya Somalia fatalities,reported
Police officers,several  students,size
five  people,dispute,killed
steeling  mob,three  man,size
group,87  goats,stole
2021 Kirinyaga South,suspected  axes,attacked
GK attackers,car,left
he,warmer  hotel,arrested
18  people,ethnic Saku town,Marsabit
young  demonstrators,Eldoret Eldoret Kitale town,size
Two Mai people,Mai Mahiu town,size
Six  people,800 Ngeramara village,killed
One Mandera officer,Wildlife Service Takaba town,killed
One police officer,Lomelo town,injured
students,illegal coronavirus protocols,report
police land cruiser,Serman Kormatto village,killed
Three Mandera people,two police officers,killed including
presumably Wajir injuries,presumably Wajir fatalities,reported
Two Lamu militants,Mararani town,killed
Tana This,land,is
police They,police cell,arrested
Meru Imenti women,witchcraft  sorcery,report
two  others,pastoralist Forole town,killed
motive,related  community,is
suspected Ofonyu he,Kisumu city,size
demonstrators,old Limuru town,size
five teargas students,teargas protesters,size
Three police officers,2021 Darkale Township,killed
Kiserian Kajiado militia,unknown Ramacha Hills,drove
Naivasha Lake demonstrators,seven National Land months,size
Isiolo Kinna raiders,200  goats,took
eight Lamu soldiers,explosion,killed in
five tea gas people,a  hundred,size
Garissa Garissa police,demonstrators,size
2021  students,third Bungoma Township,size
brutal Bungoma They,rising  government,size
motive,business area,is
Kenya Amendment court,Building Bridges Initiative,size
Police officers,tear two hundred,size
2021 Al Shabaab militants,Wargadud town,destruction
2021 Al Shabaab militants,Kheira Ali village,destruction
Two police officers,Tarbaj town,killed
which,riot bar association 100,size
they,survival,size
Two Lamu militants,Lamu town,killed
Five Kilifi people,land Kilifi town,size
motive,land group,related to
police Police,tear gas demonstrators,size
one  other,suspected Kiunga town,killed
Nakuru Police officers,student,size
police officers,a tuk tuk hundred,size
East Africa he,national Nairobi city,correspondent
lockdown  Police,one teargas 50,size
unidentified  gunmen,Kibish Kalokol district,Turkana
Narok Narok police,demonstrators,size
unidentified  gunmen,old Saku town,Central
KFS officers,arrested  youth,size
local  residents,residential Lurambi town,size
others,Burundian Kalobeyei camp,killed
also  tens,livestock,killed
Baringo Kisanana injuries,Baringo Kisanana fatalities,reported
Lamu Lamu injuries,Lamu Lamu fatalities,reported
unidentified  gunmen,200 Kisanana district,Mogotio
them,exams,size
Baringo South Baringo group,other  people,injured
major  Police,teargas protesters,size
police who,them,size
several  others,suspected Koromi village,killed
One Lamu person,Kiunga town,killed
Nakuru Naishi victim,domestic  wife,involved in
Bomet East Bomet students,alleged  classes,size
police who,two  suspects,size
Stock Mandera injuries,Stock Mandera fatalities,reported
reportedly  middleman,fish business,size
one boda boda it,boda boda driver,size
Kisii Nyaribari police,hundred,size
Wajir injuries,Wajir fatalities,reported
Isiolo Isiolo man,spare  parts,accused of
Three  journalists,minor  incident,size
suspected Al Shabaab militants,secondary Wajir town,Wajir
one  killing,other  sources,reported by other
teenage Uasin protesters,suspect,size
hundred  students,Eldoret Uasin hundred,size
unspecified boda taxi group,later  vehicle,size
police security officials,1400,size
lit  Police,tear gas crowd,size
Local security forces,Khorof Harar town,injured
Mandera police reservist,incident,killed during
fifty water vendors,Nakuru Naivasha 50,size
Funan Idhaa which,militia group,were from
riot  police,teargas demonstrators,hundreds
military  forces,suspected Bute area,details
2021  mob,allegedly Nakuru law,size
three  others,2021 Arabia town,killed
Meru Nanyuki Isiolo residents,poor Imenti town,size
3 supremacy one,incident,size
One Funan Qumbi person,100 Funan Qumbi village,killed
chanting,heavy police area,size
Casualties,area,unknown
One Banissa militant,Wol dam Ashabito,killed
police,them,size
politician Bobi Police,allegedly  permit,size
ethnic  militia,chief Kapedo town,shot
attack,revenge,believed
over  Casualities,over  camp,unknown
suspected Al Shabaab militants,mast Mandera town,East
Three Kapedo officers,Kapedo town,injured
reportedly  motive,clash,is unknown
Three others Members,also  center,locked
2021 Borana militia,Halakhe Yayo Saku town,killed
another,incident,killed
suspected Al Shabaab who,mast Didkuro Takaba,West
two  others,grazing North Horr town,killed
local  residents,old Thuci river,size
injuries,fatalities,reported
Mandera Banissa injuries,Mandera Banissa fatalities,reported
2021 Al Shabaab militants,private Takaba town,West
injuries,partially Mandera town,reported
also  motive,clans,was
serious  that,working environment,size
suspected Al Shabaab militants,bound  Banissa,were
motive,land dispute,believed
three police vehicles,bull coronavirus gathering,size
hundred  refugees,a Ifo Refugee hundred,size
2021  mob,allegedly Makueni mother,size
unidentified  gunmen,suspected Merti town,North
others,North Chemoe village,killed
when  it,attack,was on
unpaid Nairobi They,government,size
hideout,Boni National Reserve,killed
other  victim,injuries,size
red T shirts,youth,hundreds
who,Chinese Al Shabaab Koton,Wajir
Lamu Lamu injuries,Lamu Lamu fatalities,reported
,local Kisii town,officer
Nakuru Naivasha protesters,national  years,size
other Wajir group,them,entered
Mandera Wargadud injuries,Mandera Wargadud fatalities,reported
Nakuru police officers,road,size
women,unhurt,targeted
new police injuries,new police fatalities,reported
Starehe Nairobi protest,a  hundred,size
local  residents,brutal Njoro town,size
clinical  officers,unpaid PPE Nakuru town,size
local  residents,two Gathaka Kagio,size
university he,Kiminini town,Kiminini
separately Trans Police,demonstrators,size
when  she,bath,size
speedy defense forces who,KCPE town,size
tuition fee,"Sh48,000",size
fully  demonstrators,running police hundred,size
Kisii ward police,protesting  contractors,size
police armory vehicle,Kenyan Amuma Garissa,injured
coastal  region,Kenya,advocating
motive,land  retaliation,was
attack,outlawed Land Defense Force,suspected
local  residents,grabbed Garissa town,size
Isiolo Isiolo motive,land clans,was
Five police officers,2020 Rhamu town,injured
lit Malaba Bungoma police,teargas fifty,size
Kirnyaga Kagio they,sexual  school,dozens
six  others,police officer,killed
lit Malaba Bungoma police,teargas fifty,size
2020 police officer,related Teso operation,North
federal  police,OLF Moyale town,abducted
Marsabit Moyale Sub Scores,people,injured
arrest,release,size
Samburu They,unknown  livestock,stole
Marsabit South Horr motive,attack,believed
when  they,a  hundred,size
clash,pasture land water dispute,related to
traders,way  50,size
Four Turkana people,student,killed including
One Mandera person,Mandera town,killed
Wajir sheikh,Korondinle division,travelled from
Ten police officers,northern Maua town,injured
Igembe South Igembe incident,land dispute,related to
who,teacher,size
15  youth,a police hundred,size
Marsabit Marsabit motive,secondary Marsabit town,is unknown
Elgeyo incident,land dispute,related to
also  injuries,also  fatalities,reported
thousand matatu drivers,Nakuru Nakuru Town thousand,size
local  mourners,three Karatina town,size
Garissa Garissa protesters,French  hundred,called
senior Police fire,demostrators,size
local  residents,habitually election campaigns,size
three Kisii women,witchcraft  sorcery,report
several  others,Baragoi town,killed
Kirinyaga Kimbimbi mob,fifty,size
secondary school student,witchcraft claims,size
motive,land dispute,was
2020  mob,domestic Kiriyanga dispute,size
Three KDF soldiers,clash,injured in
companies,unfair  them,size
he,residents,beaten
environmental Kilifi which,construction hundreds,size
2020 school student,Meru town,size
30  residents,old gang 30,size
2013 Westgate Mall that,68  people,is
group,reliable water area,suspected
Matunda police who,police,size
Nyamira West Police,Tangatanga MPs,size
Wajir injuries,Wajir fatalities,reported
Four Mandera people,Kutulo,injured
One church person,a  hundred,size
two police officers,Lomelo village,Turkana
1000  locals,Nakuru Mai Mahiu 1000,size
50 Tuskys supermarket employees,most T 50,size
70 Tuskys supermarket employees,most T 70,size
major traffic They,200,size
based Kikopey herders,farms,killed in
properly county Police,teargas 100,size
local  residents,Mai Mahiu town,size
local  residents,Absa- Malindi town,size
casual  workers,ongoing Tharaka Nithi contractor,size
2020 Al Shabaab militants,Lafey Mandera town,abducted
Five Sheikh Barrow militants,KDF Alungu Elwak Fino,killed
national youth council,national youth government,report
One Samburu boy,Baragoi town,killed
Lafey Barrow injuries,Lafey Barrow fatalities,reported
lesbian Nairobi group,away  groceries,size
local one residents,political Sanburu 100,size
Nakuru Marashoni attackers,seven  others,torched
two  They,school 90,size
they,Fafi town,killed after
they,KEMSA scandal,size
earlier Turkana One,police,killed by
Four Turkana Pastoralists,attack,killed in
Narok Narok demonstrators,current MP president,size
One Marakwet person,earlier Marakwet Chepkokou,killed
Kisii Nyaribari demonstrators,50,size
it,police brutality,size
current  who,100,size
attack,ongoing  Marakwets,related to ongoing
main Gatundu protesters,current MP 50,size
Mandera Sheikh Barrow injuries,Mandera Sheikh Barrow fatalities,reported
Six Wajir people,boda boda rider,killed including
2020  lawyers,Igembe South Igembe colleague,size
,prominent Maua town,Meru
2020  police,suspected Tiribe town,shot
Nakuru Nakuru Police,teargas crowd,size
local  residents,peacefully Siaya town,size
Three teargas people,teargas demonstrators,size
Emali demonstrators,burning Wote Emali tires,size
major Baringo demonstrators,alleged coronavirus fund,size
Six coronavirus people,alleged coronavirus fund,size
police,teargas demonstrators,size
Five teargas people,hundreds,size
Four teargas people,hundreds,size
Two coronavirus people,50,size
government,unknown Nandi tea,hundreds
ethnic government demonstrators,also  community,size
Nairobi coronavirus Police,12 teargas people,hundreds
2020  farmers,reduced tea kilogram,size
alleged Nyamira Police,Nyamira ni,hundreds
Conflicting  fatalities,two  fatalities,reported by different
one  Police,group,size
national coronavirus Police,teargas crowd,size
Nairobi Upper journalists,different police stations,working on
delayed salary Police,teargas 300,size
mostly Semburu who,rising Baragoi area,size
suspected  murderers,businessman,size
suspected  thieves,fatally Valley Nairobi,size
seriously  mob,them,size
ahead family Police,stones,size
Manyatta boda boda driver,suspected  gang,size
Kitui Central,water area,size
who,police,size
2020  locals,Nairobi  Ethiopia,size
2020 community members,fatally Mwatate district,size
that,police panga,went to
police officer,rungu,size
traders,main coronavirus pandemic,size
2020  residents,Olposimoru trading centres,size
police who,formerly Rift Kilgoris,size
2020  residents,slow Mirundi- Kevote road,size
12  who,area,seized
,Kericho Kericho County food,size
2020  mob,earlier Service Board ODM,size
group,reportedly vice ODM,size
2020 Matatu operators,recent  Nakuru,size
2020  group,seriously Kathuma village,assaulted
children,reports,fatalities
One Marioshoni fatality,recent Marioshoni area,reported
eight,alight,set
second  reports,three  arrows,killed on
other  women,politicians,targeted
suspected cattle raiders,ethnic Narok North subcounty,shot
ethnicies,rival  groups,reported
Eldoret Uasin Police,crowd,hundreds
fatally  police,demonstration,size
short  He,short  call,size
beacon,land grabbers,size
three  fatalities,injuries,succumbed from
suspected Al Shabaab members,armed  Yumbis,burned
allegedly  Police,crowd,hundreds
armed  group,hundred Samburu goats,attacked
man,times  partner,size
Three Kisumu journalists,related Kisumu policing,size
2020  residents,coronavirus isolation center,size
two police who,two police officers,size
youth,back  police,size
security who,frequently  route,believed
2020  residents,armed Laikipia men,size
100 Baringo herder,later  injuries,died from
casualties,attackers,reported
livestock,Maasai Mau Olposimoru,South
2020 community members,Matondoni Lamu,size
deceased  women,witchcraft  sorcery,report
national coronavirus Police,56,hundreds
fatalities,vehicle,reported
elderly Gatundu tenants,property,size
2020 community members,suspected Mithuthini Wanguru,size
fatally  who,coronavirus curfew,size
2020  police,national coronavirus Kisii,shot
Turkana raiders,Atirir Salawa,injured
four,in Mikululo area,killed
Garissa Fafi fatalities,Fafi village,reported
2020 community members,Homa Bay,size
supposedly  Police,supposedly  house,size
power which,a  months,size
when police officer,national coronavirus curfew,shot
Two  fatalities,others,dozens
2020  hundreds,poor Endebess sub county,hundreds
fatalities,Ijara,reported
2020  man,severely national coronavirus lockdown,West
four Marsabit Isiolo people,tribal Rendilles attack,size
they,business,size
2020  residents,national coronavirus curfew,size
two police officers,national coronavirus curfew,assaulted
2020  clashes,four Saku subcounty,left
three  policemen,mast Al Lafey,suggest
suicide  demonstrators,man,size
young  women,girls,targeted
who,nearest  preservation,size
community he,Mbooni East,size
2020  residents,Tharaka North sub country,size
office Police,fighting,size
700  people,Kirinyaga County governor,size
Three Gof fatalities,Gof Sololo,reported
200  people,national coronavirus 200,size
2020 police officer,armed Lamu East,Basuba
Marsabit motor victims,ethnic  group,were from
2020  woman,Narok county,North
elderly  he,elderly  man,size
2020  man,national coronavirus curfew,hospitalised after
Conflicting  reports,Borana  Barderero,suggested
former Matapato North Police,crowd,size
2020  women,ahead  polls,size
who,people,size
extrajudicial police Police,extrajudicial police Kenya,size
homeless  who,Marikiti 300,size
Nairobi Marikiti IPOA,several national coronavirus lockdown,investigating several
fatally  IPOA,several national coronavirus lockdown,investigating several
sexually  he,Manyatta Police Station,assaulted
fatalities Riongo injuries,disarmament Riongo exercise,reported
wife,police,injured
Kwale family IPOA,several national coronavirus lockdown,investigating several
military  officers,al Shabaab Garissa town,Dujis
two Katanin IPOA,several national coronavirus lockdown,investigating several
Nairobi coronavirus Police,3000,size
suspected police officers,national coronavirus curfew,assaulted
2020  residents,delayed  bridge,size
reportedly livestock Fatalities,two  events,split between
reportedly livestock Fatalities,two  events,split between
Five grazing injuries,grazing fields,reported
poor  journalist,unknown  assailants,size
Ugandan They,truck tests,size
national coronavirus He,later  injuries,succumbed from
off duty who,off duty paramedic,size
nearby  demonstrators,nearby  danger,size
planted  fatalities,planted  IED,reported
Seven police officers,Kenyan  Harar,injured
national coronavirus man,national coronavirus curfew,injured
Wajir East Casualty figures,0,Coded as
7 police officers,heavy police gunfire,killed
group,8  dogs,size
slow health worker Police,30  demonstrators,size
two miraa Police,fence,hundreds
suspected  bandits,National Police Reservist,clashed with
2020  mob,fatally  Gem,size
2020  mob,female Komarock Nairobi,size
Nairobi  Police,Eastleigh,size
2020  residents,testing coronavirus curfew,size
2020  police,national coronavirus curfew,enforcing
next  Police,teargas  crowd,hundreds
4 Kisii sub fatalities,cattle Bobasi,size
2020  hundreds,partial coronavirus area,hundreds
Community members,police machete,size
2020  police,Bomet East coronavirus curfew,assaulted
Samburu fatalities,Kirisia Maralal,reported
coronavirus Demonstrators,him,size
then police Police,crowd,size
2020  man,Nairobi coronavirus measures,assaulted by
sexually  he,Central Police Station,assaulted
run Turkana West,Turkana  insecurity,size
Marakwet East Elgeyo he,two  sons,size
theft,coronavirus curfew,size
health workers,allegedly job accreditations,size
2020  man,community Kakamega,size
2020 Embu traders,suspected  Embu,size
Kakamega community confrontation,forest resource protection,size
Al Shabaab,responsibility,claimed
casualties,responsibility,reported
2020 community members,three  Vihiga,size
2020  police,several terror weapons,Mombasa
local  residents,Kericho coronavirus fears,size
Mandera casualties,Mandera Town,reported
2020 Tigania West,coronavirus curfew,size
10 al Shabaab fatalities,Wajir police,reported
Wajir Number,police,confirmed by
ambush,political news figures,indicate
who,Elburgon,size
one,national coronavirus Kitui,size
then Migori mob,rich  stones,size
2020  man,Kasarani coronavirus measures,assaulted by
national coronavirus Police,beating  traders,accused of
10  houses,ethnic  Pimbinyiet,South
who,coronavirus outbreak fears,size
Police,crowd,size
2020  trader,national coronavirus curfew,assaulted by
Kakamega teargas police,national coronavirus curfew,size
when  they,national coronavirus curfew,shot
ethnic livestock Police,ethnic livestock theft,intervened
right  he,national coronavirus curfew,hospitalised with
Four law enforcement fatalities,Based law enforcement methods,size
who,police station base,raped
national coronavirus Police,crowd,size
2020  man,national coronavirus curfew,assaulted by
Kirinyaga Defatha governor,journalists,tens
national coronavirus transport,earlier  government,size
armed Tugen youth,60 Pokot goats,raided
2020  police,reportedly coronavirus curfew,assaulted
national coronavirus Police,12  bar,used
2020 police officers,national coronavirus curfew,broke
few  shoppers,Mombasa coronavirus curfew,assaulted by
,national coronavirus curfew,On
2020 police officers,national coronavirus curfew,broke
when  police,national coronavirus curfew,wounded in
2020  police,live coronavirus curfew,shot
it,fatally  police,size
2020  police,Nakuru,March
2020 boda boda driver,national coronavirus lockdown,assaulted by
seriously  police,Busia,injured
,2020  Dandora,March
who,also  assaults,assaulted after
2020  police,Nairobi coronavirus curfew,assaulted
2020  police,Kisumu East curfew coronavirus,defying
Market Milimani,curfew coronavirus,size
2020 boda boda driver,national coronavirus curfew,wounded by
2020  police,national coronavirus curfew,Central
national boda boda driver,national coronavirus curfew,assaulted
five  people,national coronavirus curfew,injured by
he,forced disappearance case,said
2020  government,national coronavirus Kenya,implemented
2020 police officers,nationwide coronavirus curfew,beat
police officers,coronavirus curfew,died from
2020  police,social North distancing,used
Several Channel ferry people,stampede,hundreds
10 boda boda drivers,national coronavirus curfew,size
Kisumu Kisumu traders,greater  coronavirus,size
Lamu casualties,Al Shabaab Milihoi,reported
2020 Kenyan Military Forces,12 Boni National Reserve,killed
local hand police,coronavirus,gathered
they,Ukunda,size
unidentified IED they,Hulugho,killed in
2020  members,armed  3,targeted
Marsabit Moyale victims,Ethiopian  rebels,accused of
special  forces,Al Shabaab Jirole Garissa,Dujis
IED,Al Shabaab militants,suspected
2020  traders,unknown Marigiti market alight,size
when  they,Al Shabaab Bambo,North
two  people,Al Shabaab Al Mandera,(
Mandera casualties,Mandera Nairobi,reported
Kakamega  demonstrators,county,size
2020  students,previous West day,size
who,student,size
early security arrests,early security bulbs,size
tear  who,ground,size
2020  hundreds,Lamu water,hundreds
2020  police,tear Uasin police,size
two Kakamega cause,area,said
200 hotel workers,Gombato Bongwe salary 200,size
2020  residents,major county area,size
armed  clashes,private Athi River,broke
three  they,pangas,size
school building,Naibung'a Mukogodo,killed
2020  police,delayed prison payments,size
2020  residents,poor Homa Bay,size
18  others,two land dispute,killed
he,items,size
man,Nyando area,size
50  youths,private land dispute,destroyed
2020 Al Shabaab militants,four police reservists,attacked
alleged  bandits,Baringo South cattle raids,attacked
several Al Shabaab,responsibility,claimed
200  contractors,unresolved Lugaga debts,size
suspected Al Shabaab militants,Kenyan police Sangailu,set
suspected Pokot militia,young Baringo animals,attacked
suspected Al Shabaab militants,3 Wajir people,attacked
100  residents,donkey 100,size
Wundanyi Mbale Mbale,land dispute,related to
Police forces,woman,size
2020  mob,suspected  Matuu,size
who,missing Kenya Prisons payments,size
angry  mob,Matuu market,size
2020 Al Shabaab militant,Garissa county,attacked
2020  mob,attempted  rape,size
1 police officer,Bula Golol,killed
two construction casualties,two construction vehicles,reported
3 police officers,Garissa County,wounded
suspected Al Shabaab militants,Ijara,killed
several  people,pregnant Bamba police station,size
2020  mob,new Homa Bay incompetence,size
2020  legislators,Kiambu governor,size
who,Kisenye,size
2020  protesters,judicial  system,size
2020 police officer,clan Trans Mara,killed by unidentified
14  others,2  others,injured
Siria Uasin clans,70 Trans people,clashed in
2020  residents,recent  civilians,size
suspected Al Shabaab militants,2 passenger people,attacked
blocked  members,press Mombasa,size
1 police officer,unidentified Garissa County,injured
2020  police,several  terrorism,arrested
who,Migori,size
2020  members,frustrating Nairobi residents,size
2020  residents,bad road Sotik,size
military  fatalities,Kenyan  police,reported
2020  residents,bad road Sotik,size
poor Embakasi South Police,tear  them,size
2020  members,dry Mai Mahiu,report
2020  march,gender violence,size
2020  residents,bad road Sotik,size
youth,police officer,size
2020  residents,200 Kijabe employees,size
they,poor Nairobi county,size
5 Nairobi demonstration,poor Kasarani Mwiki Road,size
2020 food vendors,public health workers,size
2020  residents,poor Nairobi county,size
angry  parents,poor test results,size
2020 matatu drivers,poor Nairobi roads,size
1 Garissa They,also Safaricom communication,destroyed
Nakuru institution,December,report
failed suicide He,traffic light post,size
Nakuru institution,December,report
teacher,crime,size
other  people,angry Siaya county,size
nearby Mandera casualties,nearby communications Olla,reported
he,land dispute case,suspects
Nairobi that,assault scores,size
2020  traders,Nyeri railway,size
further city information,city payment,size
4  civilians,also  attack,killed
2 test people,poor test scores,size
other  robbers,attempted  Mwingi,size
angry  parents,poor exam results,size
Makueni Police,rioters,size
angry  parents,poor test scores,size
later  casualties,five  civilians,reported
gang they,them,size
angry  residents,poor Nairobi roads,size
also Kenyan authorities,casualty,killed
2020  youths,MP Alice Wahome,size
2020  assailants,land dispute,destroyed
police who,old  girl,size
1 Lamu fighters,area,killed
2020  residents,poor Machakos road,size
2020  employees,Guard Force payment,size
2020 Al Shabaab,2 Lamu others,attacked
2020  parents,poor test results,size
2020 women leaders,old Homa girl,size
family,him,accused
2019  man,unidentified  Baragoi,killed by unidentified
who,allegedly Ikurungu Kutu,size
2 Kitanda people,land NGO,size
police officer,Trans Mara district,arrested
3 Lamu injuries,3 Kibaoni Mpeketoni Mpeketoni,reported
Al Shabaab,Khorof Kharar Wajir,assumed responsible
two prison who,Ruiru,size
They,illegal  activities,shot
Garissa Liboi They,December,released on
2019  man,botched  Kintengela,size
incident,police officers,claims
pedestrian,motorist,size
32 Mai sheep,speeding  truck,size
uncertain  body,Maungu,killed in uncertain
injuries,military Lagh Kutulo,reported
construction that,Arabia Mandera road,stormed
3 Narok 15,3 Narok people,took
Emgwen  police,traditional celebration beer,dozens
police officer,arrest,size
suspected Al Shabaab One,potential  victims,escaped
President William he,allegedly Governor Alfred Mutua,size=400
they,Embu,alleged
President William he,allegedly Governor Alfred Mutua,size
Chaani Makupa Causeway they,Christmas holiday,size
alleged farm man,later  hospital,size
it,9 Garissa town,claimed
2019  hundreds,46  Kithirune,hundreds
suspected  who,Likoni,size
public Elegeyo vehicle,two road traffic people,size
further Mai information,unpaid Mai wages,size
addition information,contraband cigarettes,size
unidentified  attackers,Islamic Lamu Mbwajumwali,hacked to
5 Kakuma refugee fighting,football match,size
10  people,event,arrested
bus driver,area,fled to
they,fees,size
Safaricom militants,Somali diesel border,reported about
such  event,22  October,size
alleged irrelugar hiring,unpaid  salaries,size=500
incident,Turkana  August,reported
two City Square they,allegedly street gambling,size
also  asylum,also  transgender,size
Event,Fedha Embakasi estates,size
suspected Wakali Kwanza he,Likoni,size
allegedly  demonstrations,two  students,size
They,several  phone,size
ago Coast Region worshippers,police forces,size
reportedly Lamu locals,alleged  citizens,patrolled through
allegedly  demonstrations,two  students,size
Jasko  residents,increased land area,decry
pastoralist  killing,3  December,Reported on
Ndumberi Kiambu fatalities,two  locations,size
Ndumberi Kiambu fatalities,two  locations,size
ethnic  militiamen,Adbuwak Garissa area,killed
they,86 Wakali Kwanza gang,arrested
they,86 Wakali Kwanza gang,arrested
day land women,land women,targeted
reportedly Nkabune Kathurine that,impractical Meru road,size
they,area,size
naval Mombassa circumstances,killing,disputed
Kirinyaga county Kirinyaga meeting,Kirinyaga county Kirinyaga meeting,size
mistaken Busia Six,mob,size
dry Police forces,reportedly  road,size=300
abortion  protesters,central  GSU,size
striking health workers,medical m supplies,dozens
Police,demonstrators,size
2019  students,violent student demonstration,size
Four police officers,ground,size
county Police,tear  assembly,size
man,hospital,size
police,this,suggest
three  they,disputed  police,size
former Boni Video,MP,size
islands,usually Ugandan security forces,been at
several murder who,police custody,size
armed  group,least Marsabit three,ambushed
reports,AK-47  rifles,'s unclear
attack,nature,said
when  Police,tear  gas,hundreds
they,Dongo highway,size
2019 lynch mob,murder Kithimu,size
Police,tear  crowd,size
heavy  Protesters,Government assistance,size
Dadaj number,fatalities,known
they,survivors,released
rush Police,rush hour,intervened
2019 Oct residents,peaceful  area,size
tear  fatalities,tear  crowd,size
police who,tear  crowd,size
fatalities,arrows,reported
police who,tear  crowd,size
6 clan people,one  clans,injured
2019 Oct man,Homa Bay,killed by
matatu driver,passengers,managed
public  which,4 Ol Kalou,size
2019 census officials,three month payment,size
2019 Oct members,Ogiek Mount Chepyuk,size
government importers,Standard Gauge Railway,report
2019 census officials,three month payment,size
long  man,long  time,injured
commonwealth war Houses,iron bulldozers,demolished by
2019 Oct residents,delayed travel documents,size
2019 Oct group,sexual  area,report
bloody Riot police,tear  crowd,report
World Food Protesters,harmful  pesticides,size
one Conservancy person,two Conservancy fire,died
2019 Baringo health workers,5  months,report
Sipili fatalities,Sipili Hospital,reported
Meru Tigania pastoralists,attack,killed
Al Shabaab who,2012,identified
which,main University campus,report
Size,unemployment,reports
Oct refugees,2007 Nairobi elections,report
allegedly  Circumstances,allegedly  Siakago,are
Abagusii Police,tear  crowd,Size=100
casual Police forces,crowd,report
other Education they,Finance counterpart,Size=50
casual Police forces,crowd,report
after  motives,killing,are unclear
reportedly Vihiga who,same  day,size
exclusively Police officers,tear  crowd,report
forest who,former police homes,fatalities
Banisaa that,Degodia clan militia,killed in
Suspected Kenyan suspects,terrorist  report,were on
allegedly college Police,tear  crowd,size
second Mombasa containers,Standard Gauge Railway,size
poisoned police tractor,attackers,burnt by
however  he,only  report,Size=
it,26th,reported
25 Sep. Mutatu drivers,private  passengers,report
South Lake Police,tear  crowd,size
students,unpaid bread fees,size
Police,tear  report,Size=
unidentified  attackers,four  Baragoi,killed
Meru Mbaarua Primary it,required  standards,size
day government,request,size
one  man,head,shot in
independent Abdulrahman Omar Police,crowd,size
Mkocheni fight,serious water injuries,arose
allegedly Turkana who,pasture,shot dead
2019 Mombasa demonstrators,human Immigration police officer,size
Many  students,report,Size=
University,consequence,report
police,demonstrators,report
five  others,three retaliatory attack,killed
armed  killing,boundary  resources,be due
boda boda who,later  forest,killed
police,shooting,arrested
three Garissa border herdsmen,unidentified Garba Tula,killed
ethnic  militiamen,25 Garissa November,Reported on
Defence Forces soldiers,Sept 10th,beat
,available Tana delta,Sep.
12 Kigumo town residents,accusing County Assembly,size
Secondary School who,strike,report
10 Mathemba Secondary students,planned Mathemba Secondary strike,injured
day unfound residents,car area,size
armed  men,sporadic pasture conflicts,beheaded
12 Gatundu County residents,rising  area,size
suffered  action,allegedly Ingo village,occurred as
further  information,dead  Mtongwe,is available
suspected Al Shabaab militants,5 Mandera soldiers,attacked
mutatu he,order,shot
mutatu driver,mutatu driver,size
student,bus,size
Sep. Muranga residents,Ndindi parliament,size
striking health workers,July Governor Charity salaries,report
Domestic State that,parastatal  status,report
Muranga Sep residents,violent Ndindi parliament,size
Two Kitui events,1  fatality,coded at
Two Kitui events,1  fatality,coded at
Sept workers,producing  Limuru,report
official  Protesters,immediate  reopening,size
location,GP2,coded as
vehicle ferrying casualties,station,reported
suspected Marsabit They,unknown  cows,took unknown
suspected  militias,unknown  Ethiopia,took unknown
Tana River Tana man,Tana River Tana farms,killed
women,human rights defenders,targeted
Kenyan security police,attack,killed in
county who,reportedly drug county,report
related  judges,drug lords,dozens
list,beneficiaries,Size=500
missing unfound fatalities,missing unfound cattle,reported
moments police he,allegedly  speeding,Size=50
police colleague,traffic violation,report
flawed enumerators training Police,tear gas crowd,report
Mau Forest location,torched Mau people,coded as
who,houses,used
2019 boda boda drivers,Paul Chirchir Tarimbo,size=100
they,due  site,size
200  trees,5  trees,size
25 unfound fatalities,25 unfound Wakabheley,reported
location,grabbing unfound area,hundreds
Residents,military  forces,size
same  Tyres,traffic police,size
Police forces,mortuary,size
Kisumu official Ferdinand who,Nandi county,report
suspect,crowd,size
armed  that,them,killed in
residents,suspected drug peddlers,size
2019 meat sellers,City Hall,size
2019 Jul protest,Isiolo police,size
"4,000  that",years sugar thousands,size
student,riots,size
Two border patrol police,Kiunga- Somalia road,injured by
detonated border patrol IED,two Kiunga -Somalia road,killed in
Youth Service trainees,Advanced Kisumu,Size=400
2019 Bungoma residents,poor Pamus Ndengelwa traffic,size
large taxi Protesters,instead living community,size
others,attack,killed in
civil Jul servants,delayed June salaries,size
alleged police Drivers,illegal probox bribes,report
2019 Jul residents,boda boda motorcycle,size
fact,person,deny
man,military  officers,report
which,military  treatment,shows
2019 Jul residents,two week village,size
armed  group,150  Sololo,killed
armed  fatalities,armed  group,reported
allegedly  area,demonstrators,size
27  protest,small Machakos county,report
suspected Al Shabaab militants,three  Fino,abducted
satellite factory,Micimikuru Amugaa,size=5000
gay June protest,Justice Peace Commission,report
2019 Jun residents,official county assembly residence,size
Al Shabaab militants,fight,killed in
June Mini bus drivers,police report,Size=
before National Police Protesters,200 Baringo North,Size=
half Primary school Protesters,institute,size
Wajir Fatalities,3,coded as
fatalities,IED,reported
Kajiado wife,Kitengela town,shot
Several,Five Garba which,injured
armed  men,7 Isiolo county,killed
when  she,armed  men,was with
five quality patients,previous health officers,claimed
one  makeshift,criminals,dismissed
armed  men,unknown Dony reason,killed
One Mandera person,clash,killed in
he,fishing area,report
deep Uplands Funeral terraces,road,size
they,report,Size=
May residents,rising Gilgil sub county,report
May protesters,dual carriageway project,Size=300
motives,attack,are unclear
2019 Ndongoro villagers,car accidents,size
May members,disabled Kalama Sub County,report
unknown  fatalities,unknown  Fora,reported
criminal  who,community,size
one,unfound El Digale,killed
seven,mostly LGBTQI community,size
2019  students,sports facilities,size=200
street Governor,school,size
armed  men,seriously  Kinyu,attacked
financial  Police,tear  them,report
May businessmen,Garissa County,size
Amakuriat residents,two  witchcraft,killed
couple,police,survived
Marsabit 11,attack,killed in
they,Mandera,wounded
May women,informal women sector,report
50  size,50  years,reported
corruption April march,public President Uhuru graft,report
police,allegedly Gingo GP2,size
when  he,classmate,beaten
two  children,stolen  Marti,injured
23 Kibwezi residents,Chinese road construction,report
red cross worker,armed  Lamu,shot dead
mob burial clerk,fire,size
,19 title deeds,thousands
50 Kakuma fight,earlier love communities,size
24-storey hospital Demonstrators,allegedly  site,size
Suspected Al Shabaab gunmen,Cuban  bodyguard,abducted
Armed  men,Cuban body guard,abducted
alleged  who,three  people,size
